Workbook

Sheet Sheet1
D1: Ramadan 2025
C3: MUTTON SAVAN | E3: CHICKEN SAVAN
A4: Order No: | B4: Name | C4: Full M/Savan | D4: Half M/Savan | E4: Full C/Svan | F4: Half C/Savan | G4: Extra Chicken | H4: Extra Wattalpam | I4: Number | J4: Extra Notes | K4: Total | L4: Payment Status
A5: 7 | B5: Ramzy | E5: 1 | I5: 7546778168 | K5: =Table1[[#This Row],[Full M/Savan]]*$O$11+Table1[[#This Row],[Half M/Savan]]*$P$11+Table1[[#This Row],[Extra Chicken]]*$Q$11+Table1[[#This Row],[Extra Wattalpam]]*$R$11+Table1[[#This Row],[Full C/Svan]]*$O$11+Table1[[#This Row],[Half C/Savan]]*$P$11 -> 89 | L5: Paid
A6: 5 | B6: Najahaasan | E6: 1 | I6: 7306069201 | K6: =Table1[[#This Row],[Full M/Savan]]*$O$11+Table1[[#This Row],[Half M/Savan]]*$P$11+Table1[[#This Row],[Extra Chicken]]*$Q$11+Table1[[#This Row],[Extra Wattalpam]]*$R$11+Table1[[#This Row],[Full C/Svan]]*$O$11+Table1[[#This Row],[Half C/Savan]]*$P$11 -> 89 | L6: Paid
A7: 6 | B7: Asdam | C7: 1 | I7: 7503224216 | J7: 2pm | K7: =Table1[[#This Row],[Full M/Savan]]*$O$11+Table1[[#This Row],[Half M/Savan]]*$P$11+Table1[[#This Row],[Extra Chicken]]*$Q$11+Table1[[#This Row],[Extra Wattalpam]]*$R$11+Table1[[#This Row],[Full C/Svan]]*$O$11+Table1[[#This Row],[Half C/Savan]]*$P$11 -> 89 | L7: Paid
A8: 25 | B8: IRFAN | D8: 1 | I8: 7910394346 | K8: =Table1[[#This Row],[Full M/Savan]]*$O$11+Table1[[#This Row],[Half M/Savan]]*$P$11+Table1[[#This Row],[Extra Chicken]]*$Q$11+Table1[[#This Row],[Extra Wattalpam]]*$R$11+Table1[[#This Row],[Full C/Svan]]*$O$11+Table1[[#This Row],[Half C/Savan]]*$P$11 -> 48 | L8: Paid
A9: =A8+1 -> 26 | B9: Shuhama Abdul Kadir | C9: 1 | I9: 07913902535 | K9: =Table1[[#This Row],[Full M/Savan]]*$O$11+Table1[[#This Row],[Half M/Savan]]*$P$11+Table1[[#This Row],[Extra Chicken]]*$Q$11+Table1[[#This Row],[Extra Wattalpam]]*$R$11+Table1[[#This Row],[Full C/Svan]]*$O$11+Table1[[#This Row],[Half C/Savan]]*$P$11 -> 89 | L9: Paid | N9: Cost | O9: Full Savan | P9: Half Savan | Q9: Chicken | R9: Wattalapam | S9: Massi Sambal/Green Peas
A10: =A9+1 -> 27 | B10: Fathima | C10: 1 | I10: 07429959249 | K10: =Table1[[#This Row],[Full M/Savan]]*$O$11+Table1[[#This Row],[Half M/Savan]]*$P$11+Table1[[#This Row],[Extra Chicken]]*$Q$11+Table1[[#This Row],[Extra Wattalpam]]*$R$11+Table1[[#This Row],[Full C/Svan]]*$O$11+Table1[[#This Row],[Half C/Savan]]*$P$11 -> 89 | L10: Paid
A11: =A10+1 -> 28 | B11: DELIVERY | C11: 1 | G11: 2 | J11: ASK ABOUT WHAT IT SAYS IN THE NOTES | K11: =Table1[[#This Row],[Full M/Savan]]*$O$11+Table1[[#This Row],[Half M/Savan]]*$P$11+Table1[[#This Row],[Extra Chicken]]*$Q$11+Table1[[#This Row],[Extra Wattalpam]]*$R$11+Table1[[#This Row],[Full C/Svan]]*$O$11+Table1[[#This Row],[Half C/Savan]]*$P$11 -> 121 | L11: Paid | M11: DELIEVERY PAY LATER | O11: 89 | P11: 48 | Q11: 16 | R11: 16 | S11: 6
A12: =A11+1 -> 29 | B12: Firoza | C12: 2 | G12: 2 | I12: 7986542700 | J12: W/C separate | K12: =Table1[[#This Row],[Full M/Savan]]*$O$11+Table1[[#This Row],[Half M/Savan]]*$P$11+Table1[[#This Row],[Extra Chicken]]*$Q$11+Table1[[#This Row],[Extra Wattalpam]]*$R$11+Table1[[#This Row],[Full C/Svan]]*$O$11+Table1[[#This Row],[Half C/Savan]]*$P$11 -> 210 | L12: Paid | M12: BANK TRANSFER
A13: =A12+1 -> 30 | B13: Imtiaz | C13: 1 | D13: 1 | G13: 1.5 | I13: 07894951535 | K13: =Table1[[#This Row],[Full M/Savan]]*$O$11+Table1[[#This Row],[Half M/Savan]]*$P$11+Table1[[#This Row],[Extra Chicken]]*$Q$11+Table1[[#This Row],[Extra Wattalpam]]*$R$11+Table1[[#This Row],[Full C/Svan]]*$O$11+Table1[[#This Row],[Half C/Savan]]*$P$11 -> 161 | L13: Paid | N13: Total | S13: Chicken Biryani
A14: =A13+1 -> 31 | B14: Nawas upstairs | D14: 2 | G14: 1 | I14: 07983537012 | K14: =Table1[[#This Row],[Full M/Savan]]*$O$11+Table1[[#This Row],[Half M/Savan]]*$P$11+Table1[[#This Row],[Extra Chicken]]*$Q$11+Table1[[#This Row],[Extra Wattalpam]]*$R$11+Table1[[#This Row],[Full C/Svan]]*$O$11+Table1[[#This Row],[Half C/Savan]]*$P$11 -> 112 | L14: Paid | M14: - | O14: =C119 -> 60 | P14: =D119 -> 41 | Q14: =C119+(D119/2)+G119+(E119*2)+F119 -> 120.5 | R14: =C119+(D119/2)+H119 -> 87.5
A15: =A14+1 -> 32 | B15: Ruzad | D15: 1 | I15: 07916138595 | K15: =Table1[[#This Row],[Full M/Savan]]*$O$11+Table1[[#This Row],[Half M/Savan]]*$P$11+Table1[[#This Row],[Extra Chicken]]*$Q$11+Table1[[#This Row],[Extra Wattalpam]]*$R$11+Table1[[#This Row],[Full C/Svan]]*$O$11+Table1[[#This Row],[Half C/Savan]]*$P$11 -> 48 | L15: Paid
A16: =A15+1 -> 33 | B16: Ithabith Naja | C16: 3 | G16: 3 | I16: 07789914912 | K16: =Table1[[#This Row],[Full M/Savan]]*$O$11+Table1[[#This Row],[Half M/Savan]]*$P$11+Table1[[#This Row],[Extra Chicken]]*$Q$11+Table1[[#This Row],[Extra Wattalpam]]*$R$11+Table1[[#This Row],[Full C/Svan]]*$O$11+Table1[[#This Row],[Half C/Savan]]*$P$11 -> 315 | L16: Paid
A17: =A16+1 -> 34 | B17: Samith | C17: 1 | G17: 1 | I17: 07794461409 | K17: =Table1[[#This Row],[Full M/Savan]]*$O$11+Table1[[#This Row],[Half M/Savan]]*$P$11+Table1[[#This Row],[Extra Chicken]]*$Q$11+Table1[[#This Row],[Extra Wattalpam]]*$R$11 -> 105 | L17: Paid | M17: bank transfer
A18: =A17+1 -> 35 | B18: Faizal | C18: 1 | I18: 07801512520 | K18: =Table1[[#This Row],[Full M/Savan]]*$O$11+Table1[[#This Row],[Half M/Savan]]*$P$11+Table1[[#This Row],[Extra Chicken]]*$Q$11+Table1[[#This Row],[Extra Wattalpam]]*$R$11 -> 89 | L18: Paid
A19: =A18+1 -> 36 | B19: Shanas | C19: 1 | H19: 1 | I19: 07894278301 | K19: =Table1[[#This Row],[Full M/Savan]]*$O$11+Table1[[#This Row],[Half M/Savan]]*$P$11+Table1[[#This Row],[Extra Chicken]]*$Q$11+Table1[[#This Row],[Extra Wattalpam]]*$R$11 -> 105 | L19: Paid
A20: =A19+1 -> 37 | B20: Faizool Mosthofa | C20: 1 | I20: 07920425804 | K20: =Table1[[#This Row],[Full M/Savan]]*$O$11+Table1[[#This Row],[Half M/Savan]]*$P$11+Table1[[#This Row],[Extra Chicken]]*$Q$11+Table1[[#This Row],[Extra Wattalpam]]*$R$11 -> 89 | L20: Paid
A21: =A20+1 -> 38 | B21: Lahir | G21: 3 | I21: 07545909193 | K21: =Table1[[#This Row],[Full M/Savan]]*$O$11+Table1[[#This Row],[Half M/Savan]]*$P$11+Table1[[#This Row],[Extra Chicken]]*$Q$11+Table1[[#This Row],[Extra Wattalpam]]*$R$11 -> 48 | L21: Paid
A22: =A21+1 -> 39 | B22: Ramees | C22: 1 | K22: =Table1[[#This Row],[Full M/Savan]]*$O$11+Table1[[#This Row],[Half M/Savan]]*$P$11+Table1[[#This Row],[Extra Chicken]]*$Q$11+Table1[[#This Row],[Extra Wattalpam]]*$R$11 -> 89 | L22: Paid | M22: 1023 taken for y days meal
A23: =A22+1 -> 40 | B23: Shyam Watford | C23: 1 | D23: 1 | G23: 1.5 | I23: 7850523528 | K23: =Table1[[#This Row],[Full M/Savan]]*$O$11+Table1[[#This Row],[Half M/Savan]]*$P$11+Table1[[#This Row],[Extra Chicken]]*$Q$11+Table1[[#This Row],[Extra Wattalpam]]*$R$11 -> 161 | L23: Paid
A24: =A23+1 -> 41 | B24: Nawas Nawaz | D24: 1 | I24: 07869826665 | K24: =Table1[[#This Row],[Full M/Savan]]*$O$11+Table1[[#This Row],[Half M/Savan]]*$P$11+Table1[[#This Row],[Extra Chicken]]*$Q$11+Table1[[#This Row],[Extra Wattalpam]]*$R$11 -> 48 | L24: Paid
A25: =A24+1 -> 42 | B25: Theva | D25: 1 | I25: 07484860085 | K25: =Table1[[#This Row],[Full M/Savan]]*$O$11+Table1[[#This Row],[Half M/Savan]]*$P$11+Table1[[#This Row],[Extra Chicken]]*$Q$11+Table1[[#This Row],[Extra Wattalpam]]*$R$11 -> 48 | L25: Paid
A26: =A25+1 -> 43 | B26: Zarook | C26: 1 | D26: 1 | I26: 07788368448 | K26: =Table1[[#This Row],[Full M/Savan]]*$O$11+Table1[[#This Row],[Half M/Savan]]*$P$11+Table1[[#This Row],[Extra Chicken]]*$Q$11+Table1[[#This Row],[Extra Wattalpam]]*$R$11 -> 137 | L26: Paid
A27: =A26+1 -> 44 | B27: Aslam | C27: 1 | I27: 07596895705 | K27: =Table1[[#This Row],[Full M/Savan]]*$O$11+Table1[[#This Row],[Half M/Savan]]*$P$11+Table1[[#This Row],[Extra Chicken]]*$Q$11+Table1[[#This Row],[Extra Wattalpam]]*$R$11 -> 89 | L27: Paid | M27: PAY LATER TAKEN SAHAN regular CUSTOMER
A28: =A27+1 -> 45 | B28: Marithar | C28: 2 | G28: 2 | I28: 07718928344 | K28: =Table1[[#This Row],[Full M/Savan]]*$O$11+Table1[[#This Row],[Half M/Savan]]*$P$11+Table1[[#This Row],[Extra Chicken]]*$Q$11+Table1[[#This Row],[Extra Wattalpam]]*$R$11 -> 210 | L28: Paid
A29: =A28+1 -> 46 | B29: Ankar | C29: 1 | G29: 2 | I29: 07944145946 | J29: 15 MUTTON ROLLS 1 TEA | K29: =Table1[[#This Row],[Full M/Savan]]*$O$11+Table1[[#This Row],[Half M/Savan]]*$P$11+Table1[[#This Row],[Extra Chicken]]*$Q$11+Table1[[#This Row],[Extra Wattalpam]]*$R$11+15 -> 136 | L29: Paid
A30: =A29+1 -> 47 | B30: Irshad | C30: 1 | I30: 7861612196 | K30: =Table1[[#This Row],[Full M/Savan]]*$O$11+Table1[[#This Row],[Half M/Savan]]*$P$11+Table1[[#This Row],[Extra Chicken]]*$Q$11+Table1[[#This Row],[Extra Wattalpam]]*$R$11 -> 89 | L30: Paid
A31: =A30+1 -> 48 | B31: Nazeem | C31: 1 | I31: 07975743333 | K31: =Table1[[#This Row],[Full M/Savan]]*$O$11+Table1[[#This Row],[Half M/Savan]]*$P$11+Table1[[#This Row],[Extra Chicken]]*$Q$11+Table1[[#This Row],[Extra Wattalpam]]*$R$11 -> 89 | L31: Paid
A32: =A31+1 -> 49 | B32: Inisas | D32: 1 | I32: 07404561488 | K32: =Table1[[#This Row],[Full M/Savan]]*$O$11+Table1[[#This Row],[Half M/Savan]]*$P$11+Table1[[#This Row],[Extra Chicken]]*$Q$11+Table1[[#This Row],[Extra Wattalpam]]*$R$11 -> 48 | L32: Paid
A33: =A32+1 -> 50 | B33: Halima Anti | C33: 1 | G33: 1 | I33: 2084266905 | K33: =Table1[[#This Row],[Full M/Savan]]*$O$11+Table1[[#This Row],[Half M/Savan]]*$P$11+Table1[[#This Row],[Extra Chicken]]*$Q$11+Table1[[#This Row],[Extra Wattalpam]]*$R$11 -> 105 | L33: Paid
A34: =A33+1 -> 51 | B34: Faisal | C34: 1 | G34: 1 | I34: 07956213623 | K34: =Table1[[#This Row],[Full M/Savan]]*$O$11+Table1[[#This Row],[Half M/Savan]]*$P$11+Table1[[#This Row],[Extra Chicken]]*$Q$11+Table1[[#This Row],[Extra Wattalpam]]*$R$11 -> 105 | L34: Paid
A35: =A34+1 -> 52 | B35: Faisal Mosque | C35: 1 | I35: 07397566080 | K35: =Table1[[#This Row],[Full M/Savan]]*$O$11+Table1[[#This Row],[Half M/Savan]]*$P$11+Table1[[#This Row],[Extra Chicken]]*$Q$11+Table1[[#This Row],[Extra Wattalpam]]*$R$11 -> 89 | L35: Paid
A36: =A35+1 -> 53 | B36: Junaideen | C36: 3 | K36: =Table1[[#This Row],[Full M/Savan]]*$O$11+Table1[[#This Row],[Half M/Savan]]*$P$11+Table1[[#This Row],[Extra Chicken]]*$Q$11+Table1[[#This Row],[Extra Wattalpam]]*$R$11 -> 267 | L36: Paid
A37: =A36+1 -> 54 | B37: Bari | C37: 2 | I37: 07747612490 | J37: Dad took £110 from the pot to pay Bari and I got 150 from him | K37: =Table1[[#This Row],[Full M/Savan]]*$O$11+Table1[[#This Row],[Half M/Savan]]*$P$11+Table1[[#This Row],[Extra Chicken]]*$Q$11+Table1[[#This Row],[Extra Wattalpam]]*$R$11 -> 178 | L37: Paid | M37: ?? Pay later
A38: =A37+1 -> 55 | B38: Riza | D38: 2 | G38: 1 | J38: PAY LATER RIZA DELIVERY | K38: =Table1[[#This Row],[Full M/Savan]]*$O$11+Table1[[#This Row],[Half M/Savan]]*$P$11+Table1[[#This Row],[Extra Chicken]]*$Q$11+Table1[[#This Row],[Extra Wattalpam]]*$R$11 -> 112 | L38: Paid | M38: PAY LATER | N38: He paid now at 3pm
A39: =A38+1 -> 56 | B39: Delivery Slough | C39: 3 | D39: 1 | G39: 4 | J39: PAY LATER RIZA DELIVERY | K39: =Table1[[#This Row],[Full M/Savan]]*$O$11+Table1[[#This Row],[Half M/Savan]]*$P$11+Table1[[#This Row],[Extra Chicken]]*$Q$11+Table1[[#This Row],[Extra Wattalpam]]*$R$11 -> 379 | L39: Paid | M39: PAY LATER
A40: =A39+1 -> 57 | B40: Hafeef | C40: 2 | I40: 7792746434 | K40: =Table1[[#This Row],[Full M/Savan]]*$O$11+Table1[[#This Row],[Half M/Savan]]*$P$11+Table1[[#This Row],[Extra Chicken]]*$Q$11+Table1[[#This Row],[Extra Wattalpam]]*$R$11 -> 178 | L40: Paid
A41: =A40+1 -> 58 | B41: Azinar | C41: 1 | D41: 1 | G41: 1 | I41: 7814753999 | K41: =Table1[[#This Row],[Full M/Savan]]*$O$11+Table1[[#This Row],[Half M/Savan]]*$P$11+Table1[[#This Row],[Extra Chicken]]*$Q$11+Table1[[#This Row],[Extra Wattalpam]]*$R$11 -> 153 | L41: Paid
A42: =A41+1 -> 59 | B42: Mohamed | C42: 1 | I42: 7488707930 | K42: =Table1[[#This Row],[Full M/Savan]]*$O$11+Table1[[#This Row],[Half M/Savan]]*$P$11+Table1[[#This Row],[Extra Chicken]]*$Q$11+Table1[[#This Row],[Extra Wattalpam]]*$R$11 -> 89 | L42: Paid
A43: =A42+1 -> 60 | B43: Jaffar | D43: 1 | I43: 7853887867 | K43: =Table1[[#This Row],[Full M/Savan]]*$O$11+Table1[[#This Row],[Half M/Savan]]*$P$11+Table1[[#This Row],[Extra Chicken]]*$Q$11+Table1[[#This Row],[Extra Wattalpam]]*$R$11 -> 48 | L43: Paid
A44: =A43+1 -> 61 | B44: Inshaf | C44: 1 | G44: 1 | I44: 7896771456 | K44: =Table1[[#This Row],[Full M/Savan]]*$O$11+Table1[[#This Row],[Half M/Savan]]*$P$11+Table1[[#This Row],[Extra Chicken]]*$Q$11+Table1[[#This Row],[Extra Wattalpam]]*$R$11 -> 105 | L44: Paid
A45: =A44+1 -> 62 | B45: Fariz | C45: 1 | D45: 1 | G45: 1 | I45: 7939829908 | K45: =Table1[[#This Row],[Full M/Savan]]*$O$11+Table1[[#This Row],[Half M/Savan]]*$P$11+Table1[[#This Row],[Extra Chicken]]*$Q$11+Table1[[#This Row],[Extra Wattalpam]]*$R$11 -> 153 | L45: Paid
A46: =A45+1 -> 63 | B46: Ramzy | D46: 2 | I46: 7411107111 | K46: =Table1[[#This Row],[Full M/Savan]]*$O$11+Table1[[#This Row],[Half M/Savan]]*$P$11+Table1[[#This Row],[Extra Chicken]]*$Q$11+Table1[[#This Row],[Extra Wattalpam]]*$R$11 -> 96 | L46: Paid
A47: =A46+1 -> 64 | B47: Zameer (Booths) | C47: 1 | I47: 7858215105 | J47: keep whole chicken separate | K47: =Table1[[#This Row],[Full M/Savan]]*$O$11+Table1[[#This Row],[Half M/Savan]]*$P$11+Table1[[#This Row],[Extra Chicken]]*$Q$11+Table1[[#This Row],[Extra Wattalpam]]*$R$11 -> 89 | L47: Paid
A48: =A47+1 -> 65 | B48: Ashrad | D48: 1 | G48: 0.5 | I48: 7740395465 | K48: =Table1[[#This Row],[Full M/Savan]]*$O$11+Table1[[#This Row],[Half M/Savan]]*$P$11+Table1[[#This Row],[Extra Chicken]]*$Q$11+Table1[[#This Row],[Extra Wattalpam]]*$R$11+11.7 -> 67.7 | L48: Paid
A49: =A48+1 -> 66 | B49: Nahu | D49: 2 | I49: 7868613575 | J49: 85 was taken with 1 £ change and extra something from dad | K49: =Table1[[#This Row],[Full M/Savan]]*$O$11+Table1[[#This Row],[Half M/Savan]]*$P$11+Table1[[#This Row],[Extra Chicken]]*$Q$11+Table1[[#This Row],[Extra Wattalpam]]*$R$11 -> 96 | L49: Paid
A50: =A49+1 -> 67 | B50: Zareen | D50: 1 | I50: 7403074711 | J50: 45 was taken | K50: =Table1[[#This Row],[Full M/Savan]]*$O$11+Table1[[#This Row],[Half M/Savan]]*$P$11+Table1[[#This Row],[Extra Chicken]]*$Q$11+Table1[[#This Row],[Extra Wattalpam]]*$R$11 -> 48 | L50: Paid
A51: =A50+1 -> 68 | B51: Mafaz | C51: 1 | D51: 2 | I51: 7944864246 | J51: 20 Mrolls | K51: =Table1[[#This Row],[Full M/Savan]]*$O$11+Table1[[#This Row],[Half M/Savan]]*$P$11+Table1[[#This Row],[Extra Chicken]]*$Q$11+Table1[[#This Row],[Extra Wattalpam]]*$R$11+20 -> 205 | L51: Paid
A52: =A51+1 -> 69 | B52: Reezan c/o Shafos | C52: 1 | I52: 7853887867 | K52: =Table1[[#This Row],[Full M/Savan]]*$O$11+Table1[[#This Row],[Half M/Savan]]*$P$11+Table1[[#This Row],[Extra Chicken]]*$Q$11+Table1[[#This Row],[Extra Wattalpam]]*$R$11 -> 89 | L52: Paid
A53: =A52+1 -> 70 | B53: Farez | C53: 1 | I53: 7445333985 | J53: W/C separate | K53: =Table1[[#This Row],[Full M/Savan]]*$O$11+Table1[[#This Row],[Half M/Savan]]*$P$11+Table1[[#This Row],[Extra Chicken]]*$Q$11+Table1[[#This Row],[Extra Wattalpam]]*$R$11 -> 89 | L53: Paid
A54: =A53+1 -> 71 | G54: 1 | I54: 7475257975 | J54: LAMB CURRY | K54: =Table1[[#This Row],[Full M/Savan]]*$O$11+Table1[[#This Row],[Half M/Savan]]*$P$11+Table1[[#This Row],[Extra Chicken]]*$Q$11+Table1[[#This Row],[Extra Wattalpam]]*$R$11+7.5 -> 23.5 | L54: Paid
A55: =A54+1 -> 72 | B55: Akram | D55: 3 | G55: 1.5 | I55: 7956174766 | K55: =Table1[[#This Row],[Full M/Savan]]*$O$11+Table1[[#This Row],[Half M/Savan]]*$P$11+Table1[[#This Row],[Extra Chicken]]*$Q$11+Table1[[#This Row],[Extra Wattalpam]]*$R$11 -> 168 | L55: Paid
A56: =A55+1 -> 73 | B56: Woseem c/o Kiyosi | C56: 1 | I56: 7577757775 | K56: =Table1[[#This Row],[Full M/Savan]]*$O$11+Table1[[#This Row],[Half M/Savan]]*$P$11+Table1[[#This Row],[Extra Chicken]]*$Q$11+Table1[[#This Row],[Extra Wattalpam]]*$R$11 -> 89 | L56: Paid
A57: =A56+1 -> 74 | B57: Fauz | D57: 1 | G57: 0.5 | I57: 7766111916 | J57: W/C separate | K57: =Table1[[#This Row],[Full M/Savan]]*$O$11+Table1[[#This Row],[Half M/Savan]]*$P$11+Table1[[#This Row],[Extra Chicken]]*$Q$11+Table1[[#This Row],[Extra Wattalpam]]*$R$11 -> 56 | L57: Paid
A58: =A57+1 -> 75 | B58: Akber | C58: 1 | I58: 7428387788 | K58: =Table1[[#This Row],[Full M/Savan]]*$O$11+Table1[[#This Row],[Half M/Savan]]*$P$11+Table1[[#This Row],[Extra Chicken]]*$Q$11+Table1[[#This Row],[Extra Wattalpam]]*$R$11 -> 89 | L58: Paid
A59: =A58+1 -> 76 | B59: Azwer | D59: 1 | I59: 7815575007 | J59: 12.30 collection | K59: =Table1[[#This Row],[Full M/Savan]]*$O$11+Table1[[#This Row],[Half M/Savan]]*$P$11+Table1[[#This Row],[Extra Chicken]]*$Q$11+Table1[[#This Row],[Extra Wattalpam]]*$R$11 -> 48 | L59: Paid
A60: =A59+1 -> 77 | B60: Razaeel | C60: 1 | D60: 1 | H60: 0.5 | I60: 7450967216 | K60: =Table1[[#This Row],[Full M/Savan]]*$O$11+Table1[[#This Row],[Half M/Savan]]*$P$11+Table1[[#This Row],[Extra Chicken]]*$Q$11+Table1[[#This Row],[Extra Wattalpam]]*$R$11 -> 145 | L60: Paid
A61: =A60+1 -> 78 | B61: Hakeef | C61: 1 | I61: 7940589786 | K61: =Table1[[#This Row],[Full M/Savan]]*$O$11+Table1[[#This Row],[Half M/Savan]]*$P$11+Table1[[#This Row],[Extra Chicken]]*$Q$11+Table1[[#This Row],[Extra Wattalpam]]*$R$11 -> 89 | L61: Paid
A62: =A61+1 -> 79 | B62: Inshad | D62: 1 | H62: 1 | I62: 07929737231 | K62: =Table1[[#This Row],[Full M/Savan]]*$O$11+Table1[[#This Row],[Half M/Savan]]*$P$11+Table1[[#This Row],[Extra Chicken]]*$Q$11+Table1[[#This Row],[Extra Wattalpam]]*$R$11 -> 64 | L62: Paid
A63: =A62+1 -> 80 | B63: Asfak | D63: 1 | I63: 7944385622 | K63: =Table1[[#This Row],[Full M/Savan]]*$O$11+Table1[[#This Row],[Half M/Savan]]*$P$11+Table1[[#This Row],[Extra Chicken]]*$Q$11+Table1[[#This Row],[Extra Wattalpam]]*$R$11 -> 48 | L63: Paid
A64: =A63+1 -> 81 | B64: Nistar Nana | C64: 1 | H64: 1 | K64: =Table1[[#This Row],[Full M/Savan]]*$O$11+Table1[[#This Row],[Half M/Savan]]*$P$11+Table1[[#This Row],[Extra Chicken]]*$Q$11+Table1[[#This Row],[Extra Wattalpam]]*$R$11 -> 105 | L64: Paid | M64: OWES DAD MONEY STILL
A65: =A64+1 -> 82 | B65: Shan | C65: 1 | G65: 1 | H65: 1 | I65: 7568364576 | K65: =Table1[[#This Row],[Full M/Savan]]*$O$11+Table1[[#This Row],[Half M/Savan]]*$P$11+Table1[[#This Row],[Extra Chicken]]*$Q$11+Table1[[#This Row],[Extra Wattalpam]]*$R$11 -> 121 | L65: Paid
A66: =A65+1 -> 83 | B66: Farzan | D66: 1 | H66: 0.5 | I66: 7854990960 | J66: 30£ PAID REST COMING | K66: =Table1[[#This Row],[Full M/Savan]]*$O$11+Table1[[#This Row],[Half M/Savan]]*$P$11+Table1[[#This Row],[Extra Chicken]]*$Q$11+Table1[[#This Row],[Extra Wattalpam]]*$R$11 -> 56 | L66: Paid
A67: =A66+1 -> 84 | B67: Gintey | D67: 1 | G67: 0.5 | I67: 07904738358 | J67: Dad charged more, orginal £48 | K67: 70 | L67: Paid
A68: =A67+1 -> 85 | B68: Malik | C68: 1 | D68: 1 | G68: 1 | I68: 788889888 | K68: =Table1[[#This Row],[Full M/Savan]]*$O$11+Table1[[#This Row],[Half M/Savan]]*$P$11+Table1[[#This Row],[Extra Chicken]]*$Q$11+Table1[[#This Row],[Extra Wattalpam]]*$R$11 -> 153 | L68: Paid
A69: =A68+1 -> 86 | B69: Mehboob | D69: 1 | I69: 07932930928 | K69: =Table1[[#This Row],[Full M/Savan]]*$O$11+Table1[[#This Row],[Half M/Savan]]*$P$11+Table1[[#This Row],[Extra Chicken]]*$Q$11+Table1[[#This Row],[Extra Wattalpam]]*$R$11 -> 48 | L69: Paid
A70: =A69+1 -> 87 | B70: Zameer | C70: 1 | I70: 7480060064 | J70: W/C separate | K70: =Table1[[#This Row],[Full M/Savan]]*$O$11+Table1[[#This Row],[Half M/Savan]]*$P$11+Table1[[#This Row],[Extra Chicken]]*$Q$11+Table1[[#This Row],[Extra Wattalpam]]*$R$11 -> 89 | L70: Paid
A71: =A70+1 -> 88 | B71: Ishri | C71: 1 | I71: 7460525255 | J71: Dad changed and charged 108? ??? | K71: =Table1[[#This Row],[Full M/Savan]]*$O$11+Table1[[#This Row],[Half M/Savan]]*$P$11+Table1[[#This Row],[Extra Chicken]]*$Q$11+Table1[[#This Row],[Extra Wattalpam]]*$R$11 -> 89 | L71: Paid
A72: =A71+1 -> 89 | B72: Mumthaz | C72: 1 | G72: 1 | I72: 7916124907 | K72: =Table1[[#This Row],[Full M/Savan]]*$O$11+Table1[[#This Row],[Half M/Savan]]*$P$11+Table1[[#This Row],[Extra Chicken]]*$Q$11+Table1[[#This Row],[Extra Wattalpam]]*$R$11 -> 105 | L72: Paid
A73: =A72+1 -> 90 | B73: Nusri | C73: 1 | I73: 7588040242 | K73: =Table1[[#This Row],[Full M/Savan]]*$O$11+Table1[[#This Row],[Half M/Savan]]*$P$11+Table1[[#This Row],[Extra Chicken]]*$Q$11+Table1[[#This Row],[Extra Wattalpam]]*$R$11 -> 89 | L73: Paid
A74: =A73+1 -> 91 | B74: Kabi | D74: 2 | H74: 1 | I74: 7577757775 | K74: =Table1[[#This Row],[Full M/Savan]]*$O$11+Table1[[#This Row],[Half M/Savan]]*$P$11+Table1[[#This Row],[Extra Chicken]]*$Q$11+Table1[[#This Row],[Extra Wattalpam]]*$R$11 -> 112 | L74: Paid
A75: =A74+1 -> 92 | B75: RIZANI/JIFRIYA | C75: 1 | I75: 7904319163 | K75: =Table1[[#This Row],[Full M/Savan]]*$O$11+Table1[[#This Row],[Half M/Savan]]*$P$11+Table1[[#This Row],[Extra Chicken]]*$Q$11+Table1[[#This Row],[Extra Wattalpam]]*$R$11 -> 89 | L75: Paid
A76: =A75+1 -> 93 | B76: WALK IN | D76: 1 | K76: =Table1[[#This Row],[Full M/Savan]]*$O$11+Table1[[#This Row],[Half M/Savan]]*$P$11+Table1[[#This Row],[Extra Chicken]]*$Q$11+Table1[[#This Row],[Extra Wattalpam]]*$R$11 -> 48 | L76: Paid
A77: =A76+1 -> 94 | B77: WALK IN | C77: 1 | H77: 1 | K77: =Table1[[#This Row],[Full M/Savan]]*$O$11+Table1[[#This Row],[Half M/Savan]]*$P$11+Table1[[#This Row],[Extra Chicken]]*$Q$11+Table1[[#This Row],[Extra Wattalpam]]*$R$11 -> 105 | L77: Paid | M77: pay later REGULAR CUSTOMER
A78: =A77+1 -> 95 | B78: WALK IN | D78: 1 | K78: =Table1[[#This Row],[Full M/Savan]]*$O$11+Table1[[#This Row],[Half M/Savan]]*$P$11+Table1[[#This Row],[Extra Chicken]]*$Q$11+Table1[[#This Row],[Extra Wattalpam]]*$R$11 -> 48 | L78: Paid
A79: =A78+1 -> 96 | B79: MUSHTAQ | C79: 1 | K79: =Table1[[#This Row],[Full M/Savan]]*$O$11+Table1[[#This Row],[Half M/Savan]]*$P$11+Table1[[#This Row],[Extra Chicken]]*$Q$11+Table1[[#This Row],[Extra Wattalpam]]*$R$11 -> 89 | L79: Paid
A80: =A79+1 -> 97 | B80: Wall IN | C80: 1 | D80: 1 | K80: 145.5 | L80: Paid | R80: HALF G/P, 1 V/B, HALF RAITA, 2 F/CUTLETS, 1 DHAL
A81: =A80+1 -> 98 | B81: Some guy | C81: 1 | J81: Couldn’t find his name | K81: =Table1[[#This Row],[Full M/Savan]]*$O$11+Table1[[#This Row],[Half M/Savan]]*$P$11+Table1[[#This Row],[Extra Chicken]]*$Q$11+Table1[[#This Row],[Extra Wattalpam]]*$R$11 -> 89 | L81: Paid
A82: =A81+1 -> 99 | K82: =Table1[[#This Row],[Full M/Savan]]*$O$11+Table1[[#This Row],[Half M/Savan]]*$P$11+Table1[[#This Row],[Extra Chicken]]*$Q$11+Table1[[#This Row],[Extra Wattalpam]]*$R$11 -> 0 | L82: Unpaid
A83: =A82+1 -> 100 | K83: =Table1[[#This Row],[Full M/Savan]]*$O$11+Table1[[#This Row],[Half M/Savan]]*$P$11+Table1[[#This Row],[Extra Chicken]]*$Q$11+Table1[[#This Row],[Extra Wattalpam]]*$R$11 -> 0 | L83: Unpaid
A84: =A83+1 -> 101 | K84: =Table1[[#This Row],[Full M/Savan]]*$O$11+Table1[[#This Row],[Half M/Savan]]*$P$11+Table1[[#This Row],[Extra Chicken]]*$Q$11+Table1[[#This Row],[Extra Wattalpam]]*$R$11 -> 0 | L84: Unpaid
A85: =A84+1 -> 102 | K85: =Table1[[#This Row],[Full M/Savan]]*$O$11+Table1[[#This Row],[Half M/Savan]]*$P$11+Table1[[#This Row],[Extra Chicken]]*$Q$11+Table1[[#This Row],[Extra Wattalpam]]*$R$11 -> 0 | L85: Unpaid
A86: =A85+1 -> 103 | K86: =Table1[[#This Row],[Full M/Savan]]*$O$11+Table1[[#This Row],[Half M/Savan]]*$P$11+Table1[[#This Row],[Extra Chicken]]*$Q$11+Table1[[#This Row],[Extra Wattalpam]]*$R$11 -> 0 | L86: Unpaid
A87: =A86+1 -> 104 | K87: =Table1[[#This Row],[Full M/Savan]]*$O$11+Table1[[#This Row],[Half M/Savan]]*$P$11+Table1[[#This Row],[Extra Chicken]]*$Q$11+Table1[[#This Row],[Extra Wattalpam]]*$R$11 -> 0 | L87: Unpaid
A88: =A87+1 -> 105 | K88: =Table1[[#This Row],[Full M/Savan]]*$O$11+Table1[[#This Row],[Half M/Savan]]*$P$11+Table1[[#This Row],[Extra Chicken]]*$Q$11+Table1[[#This Row],[Extra Wattalpam]]*$R$11 -> 0 | L88: Unpaid
A89: =A88+1 -> 106 | K89: =Table1[[#This Row],[Full M/Savan]]*$O$11+Table1[[#This Row],[Half M/Savan]]*$P$11+Table1[[#This Row],[Extra Chicken]]*$Q$11+Table1[[#This Row],[Extra Wattalpam]]*$R$11 -> 0 | L89: Unpaid
A90: =A89+1 -> 107 | K90: =Table1[[#This Row],[Full M/Savan]]*$O$11+Table1[[#This Row],[Half M/Savan]]*$P$11+Table1[[#This Row],[Extra Chicken]]*$Q$11+Table1[[#This Row],[Extra Wattalpam]]*$R$11 -> 0 | L90: Unpaid
A91: =A90+1 -> 108 | K91: =Table1[[#This Row],[Full M/Savan]]*$O$11+Table1[[#This Row],[Half M/Savan]]*$P$11+Table1[[#This Row],[Extra Chicken]]*$Q$11+Table1[[#This Row],[Extra Wattalpam]]*$R$11 -> 0 | L91: Unpaid
A92: =A91+1 -> 109 | K92: =Table1[[#This Row],[Full M/Savan]]*$O$11+Table1[[#This Row],[Half M/Savan]]*$P$11+Table1[[#This Row],[Extra Chicken]]*$Q$11+Table1[[#This Row],[Extra Wattalpam]]*$R$11 -> 0 | L92: Unpaid
A93: =A92+1 -> 110 | K93: =Table1[[#This Row],[Full M/Savan]]*$O$11+Table1[[#This Row],[Half M/Savan]]*$P$11+Table1[[#This Row],[Extra Chicken]]*$Q$11+Table1[[#This Row],[Extra Wattalpam]]*$R$11 -> 0 | L93: Unpaid
... A107: =A106+1 -> 124 | K107: =Table1[[#This Row],[Full M/Savan]]*$O$11+Table1[[#This Row],[Half M/Savan]]*$P$11+Table1[[#This Row],[Extra Chicken]]*$Q$11+Table1[[#This Row],[Extra Wattalpam]]*$R$11 -> 0 | L107: Unpaid
A108: =A107+1 -> 125 | K108: =$O$11*Table1[[#This Row],[Full M/Savan]]+$P$11*Table1[[#This Row],[Half M/Savan]]+$Q$11*Table1[[#This Row],[Extra Chicken]] -> 0 | L108: Unpaid
A109: =A108+1 -> 126 | K109: =$O$11*Table1[[#This Row],[Full M/Savan]]+$P$11*Table1[[#This Row],[Half M/Savan]]+$Q$11*Table1[[#This Row],[Extra Chicken]] -> 0 | L109: Unpaid
A110: =A109+1 -> 127 | K110: =$O$11*Table1[[#This Row],[Full M/Savan]]+$P$11*Table1[[#This Row],[Half M/Savan]]+$Q$11*Table1[[#This Row],[Extra Chicken]] -> 0 | L110: Unpaid
A111: =A110+1 -> 128 | K111: =$O$11*Table1[[#This Row],[Full M/Savan]]+$P$11*Table1[[#This Row],[Half M/Savan]]+$Q$11*Table1[[#This Row],[Extra Chicken]] -> 0 | L111: Unpaid
A112: =A111+1 -> 129 | K112: =$O$11*Table1[[#This Row],[Full M/Savan]]+$P$11*Table1[[#This Row],[Half M/Savan]]+$Q$11*Table1[[#This Row],[Extra Chicken]] -> 0 | L112: Unpaid
A113: =A112+1 -> 130 | K113: =$O$11*Table1[[#This Row],[Full M/Savan]]+$P$11*Table1[[#This Row],[Half M/Savan]]+$Q$11*Table1[[#This Row],[Extra Chicken]] -> 0 | L113: Unpaid
A114: =A113+1 -> 131 | K114: =$O$11*Table1[[#This Row],[Full M/Savan]]+$P$11*Table1[[#This Row],[Half M/Savan]]+$Q$11*Table1[[#This Row],[Extra Chicken]] -> 0 | L114: Unpaid
...

Sheet Sheet2
A1: Customer Lookup
A3: Order No: | B3: 25
A5: IF YOU SEARCH BY ORDER NUMBER:
A6: Order No: | B6: Name | C6: Full Savan | D6: Half Savan | E6: Extra Chicken | F6: Extra Wattalapam | G6: Number | H6: Extra Notes | I6: Total | J6: Payment Status
A7: =INDEX(Table1[#All], MATCH($B$3, Table1[[#All],[Order No:]], 0), MATCH(A6, Sheet1!$A$4:$L$4, 0)) -> 25 | B7: =INDEX(Table1[#All], MATCH($B$3, Table1[[#All],[Order No:]], 0), MATCH(B6, Sheet1!$A$4:$L$4, 0)) -> IRFAN | C7: =INDEX(Table1[#All], MATCH($B$3, Table1[[#All],[Order No:]], 0), MATCH(C6, Sheet1!$A$4:$L$4, 0)) -> #N/A | D7: =INDEX(Table1[#All], MATCH($B$3, Table1[[#All],[Order No:]], 0), MATCH(D6, Sheet1!$A$4:$L$4, 0)) -> #N/A | E7: =INDEX(Table1[#All], MATCH($B$3, Table1[[#All],[Order No:]], 0), MATCH(E6, Sheet1!$A$4:$L$4, 0)) -> 0 | F7: =INDEX(Table1[#All], MATCH($B$3, Table1[[#All],[Order No:]], 0), MATCH(F6, Sheet1!$A$4:$L$4, 0)) -> #N/A | G7: =INDEX(Table1[#All], MATCH($B$3, Table1[[#All],[Order No:]], 0), MATCH(G6, Sheet1!$A$4:$L$4, 0)) -> 7910394346 | H7: =INDEX(Table1[#All], MATCH($B$3, Table1[[#All],[Order No:]], 0), MATCH(H6, Sheet1!$A$4:$L$4, 0)) -> 0 | ... J7: =INDEX(Table1[#All], MATCH($B$3, Table1[[#All],[Order No:]], 0), MATCH(J6, Sheet1!$A$4:$L$4, 0)) -> Paid
A10: Number: | B10: 7427147759 | F10: =MATCH($B$3, Table1[[#All],[Order No:]], 0) -> 5 | G10: =MATCH(F6, Sheet1!$A$4:$L$4, 0) -> #N/A
A12: IF YOU SEARCH BY MOBILE NUMBER:
A13: Order No: | B13: Name | C13: Full Savan | D13: Half Savan | E13: Extra Chicken | F13: Extra Wattalapam | G13: Number | H13: Extra Notes | I13: Total | J13: Payment Status
A14: =INDEX(Table1[#All], MATCH($B$10,Table1[[#All],[Number]], 0), MATCH(A6, Sheet1!$A$4:$L$4, 0)) -> #N/A | B14: =INDEX(Table1[#All], MATCH($B$10,Table1[[#All],[Number]], 0), MATCH(B6, Sheet1!$A$4:$L$4, 0)) -> #N/A | C14: =INDEX(Table1[#All], MATCH($B$10,Table1[[#All],[Number]], 0), MATCH(C6, Sheet1!$A$4:$L$4, 0)) -> #N/A | D14: =INDEX(Table1[#All], MATCH($B$10,Table1[[#All],[Number]], 0), MATCH(D6, Sheet1!$A$4:$L$4, 0)) -> #N/A | E14: =INDEX(Table1[#All], MATCH($B$10,Table1[[#All],[Number]], 0), MATCH(E6, Sheet1!$A$4:$L$4, 0)) -> #N/A | G14: =INDEX(Table1[#All], MATCH($B$10,Table1[[#All],[Number]], 0), MATCH(G6, Sheet1!$A$4:$L$4, 0)) -> #N/A | H14: =INDEX(Table1[#All], MATCH($B$10,Table1[[#All],[Number]], 0), MATCH(H6, Sheet1!$A$4:$L$4, 0)) -> #N/A | I14: =INDEX(Table1[#All], MATCH($B$10,Table1[[#All],[Number]], 0), MATCH(I6, Sheet1!$A$4:$L$4, 0)) -> #N/A | J14: =INDEX(Table1[#All], MATCH($B$10,Table1[[#All],[Number]], 0), MATCH(J6, Sheet1!$A$4:$L$4, 0)) -> #N/A
B18: =MATCH($B$10,Table1[[#All],[Number]], 0) -> #N/A
B19: =MATCH(B6, Sheet1!$A$4:$L$4, 0) -> 2
J20: =INDEX(Sheet1!$A$4:$L$103, MATCH($B$10, Table1[[#All],[Number]], 0), MATCH(J6, Sheet1!$A$4:$L$4, 0)) -> #N/A
B23: =MATCH($B$3, Table1[[#All],[Order No:]], 0) -> 5 | C23: =MATCH(B6, Sheet1!$A$4:$L$4, 0) -> 2
B27: =MATCH($B$3,Sheet1!A4:A118, 0) -> 5
B28: =MATCH($B$3, Table1[[#All],[Order No:]], 0) -> 5
